database_id,book_id,page_id,last_updated
34d09ef6-1ac6-81da-b80a-eaaf5a3e08aa,BCG___________________________,34d09ef6-1ac6-81ec-b865-e66f9ed8c64e,2026-04-25T11:33:16.168Z
34d09ef6-1ac6-81da-b80a-eaaf5a3e08aa,Rewire_____________________________________________________,34d09ef6-1ac6-8110-ade5-d06fa1a1958d,2026-04-25T11:33:16.600Z
34d09ef6-1ac6-81da-b80a-eaaf5a3e08aa,_____________________________________________________________________________________________,34d09ef6-1ac6-8112-b413-c7ebac35295c,2026-04-25T11:33:17.196Z
34d09ef6-1ac6-81da-b80a-eaaf5a3e08aa,_________________________Morgan_Housel______,34d09ef6-1ac6-8199-8197-d556b4388268,2026-04-25T11:33:17.631Z
34d09ef6-1ac6-81da-b80a-eaaf5a3e08aa,__________Kobo_________________26_____________Mick___________Michael,34d09ef6-1ac6-8133-8582-cf36b026e667,2026-04-25T11:33:18.051Z
34d09ef6-1ac6-81da-b80a-eaaf5a3e08aa,________________________________________________________________Erich_Fromm,34d09ef6-1ac6-81c2-93ae-f0215ef5fac4,2026-04-25T11:33:18.536Z
34d09ef6-1ac6-81da-b80a-eaaf5a3e08aa,__________________________________________Nick_Maggiulli,34d09ef6-1ac6-81e5-a871-f462a77480cb,2026-04-25T11:33:18.929Z
34d09ef6-1ac6-81da-b80a-eaaf5a3e08aa,________________________________________Dinner_Illustration_____,34d09ef6-1ac6-8179-a6af-db12afc9ef34,2026-04-25T11:33:19.340Z
34d09ef6-1ac6-81da-b80a-eaaf5a3e08aa,___________________________________________Eric_Jorgenson______,34d09ef6-1ac6-81e2-8449-f6adc0d52b0c,2026-04-25T11:33:20.343Z
34d09ef6-1ac6-81da-b80a-eaaf5a3e08aa,___________________________20____________Morgan_Housel__________,34d09ef6-1ac6-81d6-a19f-ea38272ed1a0,2026-04-25T11:33:21.184Z